{
  "logreg_l2": {
    "accuracy": 0.958904109589041,
    "report": {
      "climbing_stairs": {
        "precision": 1.0,
        "recall": 1.0,
        "f1-score": 1.0,
        "support": 12.0
      },
      "running": {
        "precision": 1.0,
        "recall": 1.0,
        "f1-score": 1.0,
        "support": 13.0
      },
      "sitting_down": {
        "precision": 1.0,
        "recall": 0.75,
        "f1-score": 0.8571428571428571,
        "support": 12.0
      },
      "standing_up": {
        "precision": 0.8,
        "recall": 1.0,
        "f1-score": 0.8888888888888888,
        "support": 12.0
      },
      "still": {
        "precision": 1.0,
        "recall": 1.0,
        "f1-score": 1.0,
        "support": 12.0
      },
      "walking": {
        "precision": 1.0,
        "recall": 1.0,
        "f1-score": 1.0,
        "support": 12.0
      },
      "accuracy": 0.958904109589041,
      "macro avg": {
        "precision": 0.9666666666666667,
        "recall": 0.9583333333333334,
        "f1-score": 0.9576719576719577,
        "support": 73.0
      },
      "weighted avg": {
        "precision": 0.9671232876712328,
        "recall": 0.958904109589041,
        "f1-score": 0.9582517938682322,
        "support": 73.0
      }
    },
    "confusion_matrix": [
      [
        12,
        0,
        0,
        0,
        0,
        0
      ],
      [
        0,
        13,
        0,
        0,
        0,
        0
      ],
      [
        0,
        0,
        9,
        3,
        0,
        0
      ],
      [
        0,
        0,
        0,
        12,
        0,
        0
      ],
      [
        0,
        0,
        0,
        0,
        12,
        0
      ],
      [
        0,
        0,
        0,
        0,
        0,
        12
      ]
    ],
    "classes": [
      "climbing_stairs",
      "running",
      "sitting_down",
      "standing_up",
      "still",
      "walking"
    ]
  }
}